<?xml version="1.0" encoding="UTF-8"?>
<metadata xml:lang="en"><Esri><CreaDate>20121218</CreaDate><CreaTime>10341800</CreaTime><ArcGISFormat>1.0</ArcGISFormat><SyncOnce>TRUE</SyncOnce><DataProperties><lineage><Process ToolSource="C:\Program Files (x86)\ArcGIS\Desktop10.0\ArcToolbox\Toolboxes\Data Management Tools.tbx\CalculateField" Date="20121218" Time="102737">CalculateField SOA2011_FINAL SOA_CODE [SALKV2_SOA] VB #</Process><Process ToolSource="C:\Program Files (x86)\ArcGIS\Desktop10.0\ArcToolbox\Toolboxes\Data Management Tools.tbx\CalculateField" Date="20121218" Time="102817">CalculateField SOA2011_FINAL SOA_LAB [SOA_LABEL] VB #</Process><Process ToolSource="C:\Program Files (x86)\ArcGIS\Desktop10.0\ArcToolbox\Toolboxes\Data Management Tools.tbx\CalculateField" Date="20121218" Time="102908">CalculateField SOA2011_FINAL SOA_LABEL [SOA_LAB] VB #</Process><Process ToolSource="C:\Program Files (x86)\ArcGIS\Desktop10.0\ArcToolbox\Toolboxes\Data Management Tools.tbx\CalculateField" Date="20121218" Time="102918">CalculateField SOA2011_FINAL SOA_LABEL [SOA_LAB] VB #</Process><Process ToolSource="C:\Program Files (x86)\ArcGIS\Desktop10.0\ArcToolbox\Toolboxes\Data Management Tools.tbx\CalculateField" Date="20121218" Time="102932">CalculateField SOA2011_FINAL SOA_LABEL [SOA_LAB] VB #</Process></lineage></DataProperties></Esri></metadata>
